threshold,exposure,cost_bps_per_rebalance,daily_turnover,turnover_rescale,turnover_entry_exit_flip,gross_sharpe,net_sharpe,annual_cost_drag
0.5,as_selected,0,0.16935020126509487,0.0,0.16935020126509487,0.03560779295075276,0.03560779295075276,0.0
0.5,as_selected,1,0.16935020126509487,0.0,0.16935020126509487,0.03560779295075276,0.014108307369889979,0.004267625071880391
0.5,as_selected,5,0.16935020126509487,0.0,0.16935020126509487,0.03560779295075276,-0.07188963495356072,0.021338125359401956
0.5,as_selected,10,0.16935020126509487,0.0,0.16935020126509487,0.03560779295075276,-0.17938706285787462,0.04267625071880391
0.5,as_selected,25,0.16935020126509487,0.0,0.16935020126509487,0.03560779295075276,-0.5018793465708157,0.10669062679700976
