observed_max_mean,p_value,block_size,dsr,sr_star,skew,kurtosis
5.079810181190703e-05,0.48250349930013997,6,0.144366025597929,0.3211093910183582,0.47995616651647166,17.967390500822344
