observed_max_mean,p_value,block_size,dsr,sr_star,skew,kurtosis
7.189027897612897e-05,0.4413117376524695,6,0.16374595152236587,0.3211093910183582,0.4777473299382561,18.04809963982689
