alpha_daily,alpha_ann,alpha_se_daily,t_alpha,p_positive,n,hac_lag,status
-3.9807600444033714e-05,-0.010031515311896496,0.0002026554830906479,-0.19642992055748007,0.577863160402508,3477,5,ok
