sharpe,se,ci_lo,ci_hi,z_statistic,positive_p_value,two_sided_p_value,mean_return,mean_return_se,bandwidth,n_eff_sr,se_iid_delta,se_hac_delta,se_inflation,hac_bandwidth
0.05769262364080298,0.25983120442842045,-0.45156717909856536,0.5669524263801713,0.22203885698684978,0.41214181736062827,0.8242836347212565,4.5379527001615016e-05,0.00020502646032853595,5,3477.0,0.26898803430692436,0.25983120442842045,0.9659582259779791,5
