method,sharpe,se,ci_lo,ci_hi,p_positive,n_eff_acf,n,block_size
iid,0.03560779295075276,0.2620499733095488,-0.48361943757577835,0.5547770867575242,0.4419116176764647,3477.0,3477,6
blocked,0.03560779295075276,0.26079766708851065,-0.4865778294408711,0.530170081215695,0.4575084983003399,3477.0,3477,6
stationary,0.03560779295075276,0.26113129990795125,-0.49573711001959186,0.5374711469405672,0.45550889822035595,3477.0,3477,6
cluster_date,0.03560779295075276,0.2620499733095488,-0.48361943757577835,0.5547770867575242,0.4419116176764647,3477.0,3477,6
