threshold,observed_sharpe,null_mean,null_sd,null_q025,null_q500,null_q975,p_positive,n_perms,status,seed
0.0,0.010916263403921368,0.05216011378908141,0.017048399689856324,0.019059199038070424,0.051976150166447535,0.0854316111797804,0.9929007099290071,10000,ok,123
0.3,0.00975051646575733,0.0722050250726538,0.023434697806621572,0.026543995354260417,0.07226168447873904,0.11689791828407343,0.9959004099590041,10000,ok,123
0.5,0.03560779295075276,0.08302880488124423,0.029236210069055225,0.025871569619632,0.08315111669088379,0.13983096899045103,0.9468053194680532,10000,ok,123
0.7,0.061247221299842766,0.11173764864646173,0.040203828632502776,0.03273060475863086,0.1117152417064676,0.19021435595751396,0.8926107389261074,10000,ok,123
0.9,0.024733631787608908,0.09806519516420432,0.06851400985711796,-0.03846556709731085,0.09833354441977835,0.23158261257716098,0.8549145085491451,10000,ok,123
