strategy,t_stat,p_raw,p_adjusted,block_size,n_boot,threshold
0,0.14846378530658053,0.43431313737252547,0.4819036192761448,6,5000,0.0
1,0.12652222794964155,0.4423115376924615,0.4819036192761448,6,5000,0.3
2,0.21426927639401241,0.40431913617276544,0.4803039392121576,6,5000,0.5
3,0.3223223502995023,0.3625274945010998,0.4437112577484503,6,5000,0.7
4,0.1990086078435496,0.3987202559488102,0.4819036192761448,6,5000,0.9
