n,adf_p,kpss_p,rolling_window,rolling_sr_min,rolling_sr_max
3477,6.173452562768811e-30,0.1,252,-1.6141580960592175,2.0046910331104524
