threshold,sharpe,se,ci_lo,ci_hi,p_blocked,n,n_eff_sr,se_iid_delta,se_hac_delta,se_inflation,hac_bandwidth,p_raw,p_adjusted
0.0,0.010916263403921368,0.2607363805112771,-0.50328949876444,0.5135601408518642,0.4927014597080584,3477,3477.0,0.2691687805160379,0.25310755594336637,0.9403302844338794,6,0.471505698860228,0.52749450109978
0.3,0.00975051646575733,0.2611145703330055,-0.5108167351128945,0.5045724454030791,0.4963007398520296,3477,3477.0,0.2691737325292892,0.2591459107847992,0.9627459126480743,5,0.47330533893221355,0.52749450109978
0.5,0.03560779295075276,0.26079766708851065,-0.4865778294408711,0.530170081215695,0.4575084983003399,3477,3477.0,0.2690721348058903,0.25956424926518984,0.9646641762159448,5,0.4409118176364727,0.5158968206358728
0.7,0.061247221299842766,0.261979689839569,-0.4575709278718654,0.5650426609653124,0.4165166966606679,3477,3477.0,0.26901540624178505,0.2615715559336768,0.9723292787870377,5,0.40351929614077187,0.4851029794041192
0.9,0.024733631787608908,0.2620876477430338,-0.49927298256986585,0.5341215138495845,0.4709058188362327,3477,3477.0,0.2691483588039568,0.2612665499463148,0.9707157461681459,5,0.45570885822835433,0.52749450109978
