observed_max_mean,p_value,block_size,dsr,sr_star,skew,kurtosis
0.00023388312732004087,0.0001999600079984003,8,0.9995188333373243,0.11711787555475714,-1.159237042798088,24.51414249973649
