threshold,annualization_factor,sharpe,se,ci_lo,ci_hi,p_blocked,n,n_eff_sr,se_iid_delta,se_hac_delta,se_inflation,hac_bandwidth,p_bh,p_by,q_storey,p_raw,p_adjusted
0.0,252.0,0.39530272296846813,0.11478665706990882,0.16650555557829042,0.6184711093640392,0.0003999200159968006,26131,18154.015764767708,0.09994380964328041,0.1199078347266187,1.1997524924714589,17,0.0003999200159968006,0.0009131507031926947,0.0,0.0001999600079984003,0.0001999600079984003
0.3,252.0,0.41861977614979334,0.1146798400622107,0.18618816286873283,0.6405832600900628,0.0001999600079984003,26131,18296.219081410993,0.10007646042549481,0.11959947562637253,1.1950809922520418,17,0.0002499500099980004,0.0005707191894954342,0.0,0.0001999600079984003,0.0001999600079984003
0.5,252.0,0.41861977614979334,0.1146798400622107,0.18618816286873283,0.6405832600900628,0.0001999600079984003,26131,18296.219081410993,0.10007646042549481,0.11959947562637253,1.1950809922520418,17,0.0002499500099980004,0.0005707191894954342,0.0,0.0001999600079984003,0.0001999600079984003
0.7,252.0,0.4473173859194792,0.1139160956461745,0.22224638177585793,0.6673912182414756,0.0001999600079984003,26131,18761.072741910353,0.1000186431807144,0.11804025528115962,1.1801825292499082,16,0.0002499500099980004,0.0005707191894954342,0.0,0.0001999600079984003,0.0001999600079984003
0.9,252.0,0.4966500111174605,0.11122033899326664,0.2747103880951373,0.7084164833315463,0.0001999600079984003,26131,20229.918833355776,0.09941968180217994,0.11299346160370309,1.136530107072074,13,0.0002499500099980004,0.0005707191894954342,0.0,0.0001999600079984003,0.0001999600079984003
