observed_max_mean,p_value,block_size,dsr,sr_star,skew,kurtosis
0.0001352670226888212,0.0021995600879824036,8,0.9997782356042909,0.0,1.8117285981660427,37.77617018788472
