strategy,t_stat,p_raw,p_adjusted,block_size,n_boot,threshold
0,3.452142671571152,0.0015996800639872025,0.0015996800639872025,8,5000,0.0
