observed_max_mean,p_value,block_size,dsr,sr_star,skew,kurtosis
0.004328808906514781,0.0003999200159968006,4,0.9999883390538227,0.0,0.43440161524177895,10.283567647155888
