b,bandwidth,simulation_length,simulation_bandwidth,sharpe,se,z_statistic,normal_positive_p,fixedb_positive_p,fixedb_two_sided_p,fixedb_crit_95,fixedb_abs_crit_95,n_sim
0.02,13,651,13,2.6250040353492246,0.7192301923519827,3.649741158341944,0.00013125234645516848,0.002,0.004,1.5663044389470757,2.0165033549844473,499
0.05,33,651,33,2.6250040353492246,0.6721124186848049,3.9056026378531348,4.6995426626672554e-05,0.004,0.004,1.8590094120865657,2.270057573396849,499
0.1,65,651,65,2.6250040353492246,0.6558169204571075,4.002647619277014,3.1318780421951686e-05,0.004,0.004,1.7150871273093609,2.039580876275208,499
0.2,130,651,130,2.6250040353492246,0.5878632247193907,4.465331262390564,3.997247958187344e-06,0.002,0.004,1.9201987586185898,2.3598425315107714,499
