sharpe,se,ci_lo,ci_hi,z_statistic,positive_p_value,two_sided_p_value,mean_return,mean_return_se,bandwidth,n_eff_sr,se_iid_delta,se_hac_delta,se_inflation,hac_bandwidth
2.6250040353492246,0.7299902381919443,1.1942494594271982,4.055758611271251,3.595944025019967,0.00016160865015368842,0.00032321730030737683,0.004328808906514781,0.0012057885660988496,5,468.8066282886635,0.6194744944968741,0.7299902381919443,1.178402411522736,5
