lag_label,requested_lag,used_bandwidth,sharpe,se,ci_lo,ci_hi,positive_p_value
auto,,5,2.6250040353492246,0.7299902381919443,1.1942494594271982,4.055758611271251,0.00016160865015368842
0,0.0,0,2.6250040353492246,0.6194744944968741,1.4108563367941955,3.8391517339042536,1.1302675378077609e-05
1,1.0,1,2.6250040353492246,0.6643935921227718,1.3228165232293971,3.927191547469052,3.891634522723564e-05
5,5.0,5,2.6250040353492246,0.7299902381919443,1.1942494594271982,4.055758611271251,0.00016160865015368842
10,10.0,10,2.6250040353492246,0.7310105789255757,1.1922496283373214,4.057758442361128,0.00016475333692278493
21,21.0,21,2.6250040353492246,0.7122948198079618,1.228931842151172,4.021076228547277,0.00011422681785211442
63,63.0,63,2.6250040353492246,0.6591001935445672,1.3331913937984938,3.9168166768999555,3.40671325181896e-05
126,126.0,126,2.6250040353492246,0.5903093511266047,1.4680189674038706,3.7819891032945785,4.357381992781129e-06
