sharpe,se,ci_lo,ci_hi,z_statistic,positive_p_value,two_sided_p_value,mean_return,mean_return_se,bandwidth
2.6250040353492246,0.7232892991454802,1.207383058620866,4.042625012077583,3.6292587743942817,0.00014211810025388516,0.0002842362005077703,0.004328808906514781,0.001187649586642036,2
