method,sharpe,se,ci_lo,ci_hi,p_positive,n_eff_acf,n,block_size
iid,2.6229871283781008,0.6163621255339958,1.4474501587477875,3.85868641962926,0.0001999600079984003,419.5091122417434,651,4
blocked,2.6229871283781008,0.7163121326997002,1.229769631015316,4.0405660609328375,0.0001999600079984003,419.5091122417434,651,4
stationary,2.6229871283781008,0.7039736031057529,1.2502449978100365,4.024338827941669,0.0001999600079984003,419.5091122417434,651,4
cluster_date,2.6229871283781008,0.6163621255339958,1.4474501587477875,3.85868641962926,0.0001999600079984003,419.5091122417434,651,4
