n,adf_p,kpss_p,rolling_window,rolling_sr_min,rolling_sr_max
651,1.8509172054625921e-28,0.09742332464412541,130,-0.06995916411673998,1.5457897110929877
