n,adf_p,kpss_p,rolling_window,rolling_sr_min,rolling_sr_max
651,1.8509172054625921e-28,0.09742332464412541,130,-0.32059316512079944,7.083698359567536
