threshold,sharpe,se,ci_lo,ci_hi,p_blocked,n,n_eff_sr,se_iid_delta,se_hac_delta,se_inflation,hac_bandwidth,p_raw,p_adjusted
0.0,2.6229871283781008,0.7163121326997002,1.229769631015316,4.0405660609328375,0.0001999600079984003,651,468.8066282886635,0.6194744944968741,0.7299902381919443,1.178402411522736,5,0.0001999600079984003,0.0001999600079984003
