observed_max_mean,p_value,block_size,dsr,sr_star,skew,kurtosis
0.00028825410595501857,0.0001999600079984003,8,0.9999999999998551,0.0,-0.5470911199904915,18.50629776726876
