strategy,t_stat,p_raw,p_adjusted,block_size,n_boot,threshold
0,7.4262144852812755,0.0001999600079984003,0.0001999600079984003,8,5000,0.0
