observed_max_mean,p_value,block_size,dsr,sr_star,skew,kurtosis
0.00014775420608874622,0.0001999600079984003,8,0.9999965992493166,0.0,0.2043804766370031,12.636252209408344
