strategy,t_stat,p_raw,p_adjusted,block_size,n_boot,threshold
0,4.491862586394699,0.0001999600079984003,0.0001999600079984003,8,5000,0.0
