n,adf_p,kpss_p,rolling_window,rolling_sr_min,rolling_sr_max
17681,0.0,0.1,252,-4.1410599553681475,6.1954086076818395
