method,sharpe,se,ci_lo,ci_hi,p_positive,n,block_size
iid,1.7435361171964117,0.22315219155940202,1.3121010577293604,2.190774693122289,0.0001999600079984003,5000,6
blocked,1.7435361171964117,0.24408274406566036,1.2881784099197175,2.2495717047136123,0.0001999600079984003,5000,6
stationary,1.7435361171964117,0.2420127610815057,1.266901690152568,2.223805614841199,0.0001999600079984003,5000,6
cluster_date,1.7435361171964117,0.22315219155940202,1.3121010577293604,2.190774693122289,0.0001999600079984003,5000,6
