strategy,t_stat,p_raw,p_adjusted,block_size,n_boot,threshold
0,7.7663271333513215,0.0001999600079984003,0.0001999600079984003,6,5000,0.0
