sharpe,se,ci_lo,ci_hi,z_statistic,positive_p_value,two_sided_p_value,mean_return,mean_return_se,bandwidth
1.7437104969655322,0.2465900272046154,1.260402924697734,2.2270180692333303,7.071293663951124,7.674971769233707e-13,1.5349943538467414e-12,0.0005637158963514581,7.95102467647492e-05,8
