threshold,observed_sharpe,null_mean,null_sd,null_q025,null_q500,null_q975,p_positive,n_perms,seed
0.0,1.7435361171964117,0.07849513010159723,0.22068212252904645,-0.35924448578673945,0.08053045159784109,0.5102403579235735,9.999000099990002e-05,10000,858
