threshold,exposure,cost_bps_per_rebalance,daily_turnover,turnover_rescale,turnover_entry_exit_flip,gross_sharpe,net_sharpe,annual_cost_drag,break_even_cost_bps
0.0,as_selected,0,0.019835967193438688,0.0,0.019835967193438688,1.7435361171964117,1.7435361171964117,0.0,284.18876218847714
0.0,as_selected,1,0.019835967193438688,0.0,0.019835967193438688,1.7435361171964117,1.7374009832672235,0.000499866373274655,284.18876218847714
0.0,as_selected,5,0.019835967193438688,0.0,0.019835967193438688,1.7435361171964117,1.7128604475504723,0.002499331866373275,284.18876218847714
0.0,as_selected,10,0.019835967193438688,0.0,0.019835967193438688,1.7435361171964117,1.6821847779045331,0.00499866373274655,284.18876218847714
0.0,as_selected,25,0.019835967193438688,0.0,0.019835967193438688,1.7435361171964117,1.590157768966717,0.012496659331866373,284.18876218847714
