observed_max_mean,p_value,block_size,dsr,sr_star,skew,kurtosis
0.00023388312732004133,0.0001999600079984003,8,0.9999997064148461,0.0,-0.5486187224105247,32.80145513414985
